Highlight,Title,Author,Location,Date
在生活中，就像在劇院裡，權力是伴隨我們所扮演的角色而來。,懂權力，在每個角色上發光：史丹佛MBA爆棚選修課，擊敗沒安全感、霸凌，讓自己被需要就能自信發揮影響力,Deborah Gruenfeld,3,2021-09-02 10:53:50
要把任何工作做好，要成為自己想成為的那種人，要有效運用權力（無論你是否覺得自己握有權力），你都必須跳脫自己的戲碼，學會如何在別人的故事中演好自己的角色。,﻿懂權力，在每個角色上發光：史丹佛MBA爆棚選修課，擊敗沒安全感、霸凌，讓自己被需要就能自信發揮影響力,Deborah Gruenfeld,5,2021-09-02 10:54:00
這表示，無論我們是誰，無論我們多麼優秀，多麼融入關係或做何感受，我們藉由在他人生活中扮演的角色，就能掌握權力。要善用權力，就必須以不同的方式思考權力。我們要對自己擁有的權力負起責任，也必須更認真看待自己扮演的角色和承擔的責任。,﻿懂權力，在每個角色上發光：史丹佛MBA爆棚選修課，擊敗沒安全感、霸凌，讓自己被需要就能自信發揮影響力,Deborah Gruenfeld,19,2021-09-02 10:57:21
在我們的文化中，性別角色決定男性應該比女性更關心權力。所以當男性表現出他們對權力感興趣時，就好像他們在做自己應該做的事。而表現出對權力感興趣的女性，往往會引發負面評價並遭到質疑。,﻿懂權力，在每個角色上發光：史丹佛MBA爆棚選修課，擊敗沒安全感、霸凌，讓自己被需要就能自信發揮影響力,Deborah Gruenfeld,32,2021-09-02 11:18:01
增強和弱化權力的影響不只是個別演員的選擇或風格，也是彼此對話的一部分。就像一場舞蹈或擊劍比賽，每一個動作都是對之前動作的回應。當兩名演員都在表現增強權力，看起來就像一場競賽，你會感覺到火花四射。當雙方都弱化權力表現，看起來就像是陷入僵局，因為兩人都堅持要遷就對方，行動就會慢慢停下來。,﻿懂權力，在每個角色上發光：史丹佛MBA爆棚選修課，擊敗沒安全感、霸凌，讓自己被需要就能自信發揮影響力,Deborah Gruenfeld,77,2021-09-03 12:30:51
如果增強權力影響是展現權威的一種方式，那麼弱化權力影響就是展現親和力的一種做法。如果增強權力影響顯示你願意為別人而戰，那麼弱化權力影響就表明你願意為團隊的利益犧牲個人利益,﻿懂權力，在每個角色上發光：史丹佛MBA爆棚選修課，擊敗沒安全感、霸凌，讓自己被需要就能自信發揮影響力,Deborah Gruenfeld,85,2021-09-03 12:31:13
如果增強權力影響是展現權威的一種方式，那麼弱化權力影響就是展現親和力的一種做法。如果增強權力影響顯示你願意為別人而戰，那麼弱化權力影響就表明你願意為團隊的利益犧牲個人利益。,﻿懂權力，在每個角色上發光：史丹佛MBA爆棚選修課，擊敗沒安全感、霸凌，讓自己被需要就能自信發揮影響力,Deborah Gruenfeld,85,2021-09-03 12:31:19
這樣做不是為了欺騙別人相信我們的謊言，而是要定義並表達自己的身分，建立既穩固又一致的形象，讓我們在,﻿懂權力，在每個角色上發光：史丹佛MBA爆棚選修課，擊敗沒安全感、霸凌，讓自己被需要就能自信發揮影響力,Deborah Gruenfeld,86,2021-09-03 04:41:23
歐文．高夫曼（Erving Goffman）在其名著《日常生活中的自我表演》（The Presentation of Self in Everyday Life）中，描述「做自己」本質上就是一種表演。高夫曼認為，我們都有動機要將自己最好的一面展現出來，要做到這一點，就必須花一點心思和事先規劃。我們依據策略挑選服裝和道具，選擇說話方式和特定儀態，甚至計畫好在什麼場景下出現。這樣做不是為了欺騙別人相信我們的謊言，而是要定義並表達自己的身分，建立既穩固又一致的形象，讓我們在努力應付混亂、自我懷疑和困惑這些無法避免的內部體驗時，在心理上能有所依靠。根據高夫曼的說法，社交互動就是表演。換句話說，「做自己」就是一種表演。,﻿懂權力，在每個角色上發光：史丹佛MBA爆棚選修課，擊敗沒安全感、霸凌，讓自己被需要就能自信發揮影響力,Deborah Gruenfeld,83,2021-09-03 04:41:30
在面對讓我們感到無能為力的挑戰，譬如一個新角色、棘手的談話、陌生的情況，這時我們不要問自己：在這種情況下，我究竟害怕誰？而要問自己：在這種情況下，我希望自己像誰？我可以內化什麼角色，來擁有我渴望產生的影響？,﻿懂權力，在每個角色上發光：史丹佛MBA爆棚選修課，擊敗沒安全感、霸凌，讓自己被需要就能自信發揮影響力,Deborah Gruenfeld,107,2021-09-04 12:13:23
在史丹佛大學監獄研究中，這三類守衛對表現焦慮的反應，與我們在其他針對權力和領導所做的研究中看到的一樣。有些人高姿態表現自己的權力，有些人放低姿態弱化自己的權力，還有些人公正不阿地行使權力。但這些反應都是在扮演位高權重者時，應付表現焦慮的不同方式。,﻿懂權力，在每個角色上發光：史丹佛MBA爆棚選修課，擊敗沒安全感、霸凌，讓自己被需要就能自信發揮影響力,Deborah Gruenfeld,507,2021-09-09 12:55:08
大多數人為出現在鎂光燈下這種重要時刻做準備時，會專注於他們要說的話。在大型報告會前，有很多天晚上我都會輾轉反側，腦子不由自主地閃現講稿裡一些連貫或突兀的句子。相信我：這不是最有效的準備方式。我發現更有效的方式是，站起來，至少把上台要穿的某樣東西穿上（我通常穿上我上台穿的鞋子），拿起道具（筆記型電腦、雷射筆、簡報搖控器），然後一邊講話，一邊走動。讓身體熟悉這種狀態並融入你要說的內容，讓它有機會自我展現。,﻿懂權力，在每個角色上發光：史丹佛MBA爆棚選修課，擊敗沒安全感、霸凌，讓自己被需要就能自信發揮影響力,Deborah Gruenfeld,666,2021-09-21 11:09:52
通常，我在提供指導時，會堅持被指導者先花三十秒時間做進場練習：進入房間或在舞台上走動，拿起麥克風，逐一向人們打招呼，放下東西，拉出椅子並坐下來，或是歡迎其他人參加會議。他們學會不慌不忙熟練地處理道具，在開始說話前先在椅子上坐好就定位，練習擺好手勢，這樣就不會顯得手足無措等等。排練是一種引導緊張能量並避免某些意外的方式，而且還可以讓自己調適好心態，預期有好的結果出現，並向自己證明，你完全有能力做好你分內的事。而且，不管發生什麼事，你都有辦法處理。,﻿懂權力，在每個角色上發光：史丹佛MBA爆棚選修課，擊敗沒安全感、霸凌，讓自己被需要就能自信發揮影響力,Deborah Gruenfeld,670,2021-09-21 11:10:05
大多數人大都只想著自己的事。他們花四秒鐘想妳的事，然後又回去想自己的事,﻿懂權力，在每個角色上發光：史丹佛MBA爆棚選修課，擊敗沒安全感、霸凌，讓自己被需要就能自信發揮影響力,Deborah Gruenfeld,693,2021-09-21 05:31:54
大多數人大都只想著自己的事。他們花四秒鐘想妳的事，然後又回去想自己的事。,﻿懂權力，在每個角色上發光：史丹佛MBA爆棚選修課，擊敗沒安全感、霸凌，讓自己被需要就能自信發揮影響力,Deborah Gruenfeld,693,2021-09-21 05:32:01
當削弱抑制慾望的能力和對非凡性能力的不安全感結合在一起時，下屬就會被當成證明性能力的對象和工具。,﻿懂權力，在每個角色上發光：史丹佛MBA爆棚選修課，擊敗沒安全感、霸凌，讓自己被需要就能自信發揮影響力,Deborah Gruenfeld,853,2021-09-22 10:23:57
只要人們覺得自己在其他方面已經很強大，擁有權力往往讓人更有責任感。,﻿懂權力，在每個角色上發光：史丹佛MBA爆棚選修課，擊敗沒安全感、霸凌，讓自己被需要就能自信發揮影響力,Deborah Gruenfeld,890,2021-09-22 10:26:19
我們所有人都有需求，也有不安全感，但是處於權力地位時，人們就會為了滿足需求和消除不安全感而採取行動。,﻿懂權力，在每個角色上發光：史丹佛MBA爆棚選修課，擊敗沒安全感、霸凌，讓自己被需要就能自信發揮影響力,Deborah Gruenfeld,012,2021-09-24 07:28:15
雖然興奮聽起來跟性有關，但本質上其實跟性無關。興奮（arousal）是對任何形式的刺激所產生的生理反應。,﻿懂權力，在每個角色上發光：史丹佛MBA爆棚選修課，擊敗沒安全感、霸凌，讓自己被需要就能自信發揮影響力,Deborah Gruenfeld,032,2021-10-04 09:33:25
我們往往認為性吸引力、性強迫症和性侵害是強烈情感的表達。但實際上，這些行為都可能是對焦慮、壓力和恐懼伴隨而來的生理興奮，所做出的反應。,﻿懂權力，在每個角色上發光：史丹佛MBA爆棚選修課，擊敗沒安全感、霸凌，讓自己被需要就能自信發揮影響力,Deborah Gruenfeld,043,2021-10-04 09:34:32
認出危險信號。首先，請當心那些無法接受拒絕的人。,﻿懂權力，在每個角色上發光：史丹佛MBA爆棚選修課，擊敗沒安全感、霸凌，讓自己被需要就能自信發揮影響力,Deborah Gruenfeld,124,2021-10-04 10:16:49
所以你應該做的是，盡可能地表現出你覺得這樣很無趣（,﻿懂權力，在每個角色上發光：史丹佛MBA爆棚選修課，擊敗沒安全感、霸凌，讓自己被需要就能自信發揮影響力,Deborah Gruenfeld,143,2021-10-04 10:18:06
所以你應該做的是，盡可能地表現出你覺得這樣很無趣,﻿懂權力，在每個角色上發光：史丹佛MBA爆棚選修課，擊敗沒安全感、霸凌，讓自己被需要就能自信發揮影響力,Deborah Gruenfeld,143,2021-10-04 10:18:14
研究發現，平均來說，遭陌生人強暴的受害者並沒有比其他女性更有吸引力。,﻿懂權力，在每個角色上發光：史丹佛MBA爆棚選修課，擊敗沒安全感、霸凌，讓自己被需要就能自信發揮影響力,Deborah Gruenfeld,167,2021-10-04 10:19:34
更好的做法是，堅定地舉起一根手指，示意對方不要說話或等一下再講，或者簡單地說：「我快講完了。,﻿懂權力，在每個角色上發光：史丹佛MBA爆棚選修課，擊敗沒安全感、霸凌，讓自己被需要就能自信發揮影響力,Deborah Gruenfeld,217,2021-10-04 10:25:04
更好的做法是，堅定地舉起一根手指，示意對方不要說話或等一下再講，或者簡單地說：「我快講完了。」,﻿懂權力，在每個角色上發光：史丹佛MBA爆棚選修課，擊敗沒安全感、霸凌，讓自己被需要就能自信發揮影響力,Deborah Gruenfeld,217,2021-10-04 10:25:09
更好的做法是，堅定地舉起一根手指，示意對方不要說話或等一下再講，或者簡單地說：「我快講完了。」如同我所觀察到的那樣，用手指著對方效果出奇驚人。只是將手臂從身體上移，似乎表明反擊的意圖，那根手指就像武器一樣發揮作用。非口語手勢往往比口頭爭論更有效，尤其是對女性來說。實際上，埃默里大學梅莉莎．威廉斯和斯克利普斯學院（Scripps College）校長拉莉薩．泰登斯（Larissa Tiedens）最近進行的一項研究發現，女性在言語上表現自信或主控權可能引發強烈反彈，但非口語方式則不會遭致反彈。,﻿懂權力，在每個角色上發光：史丹佛MBA爆棚選修課，擊敗沒安全感、霸凌，讓自己被需要就能自信發揮影響力,Deborah Gruenfeld,217,2021-10-04 10:25:46
將你的指責改變措詞變成問句，會比斥責對方更有效，至少某種程度上這樣做，將解釋的重擔丟給肇事者。,﻿懂權力，在每個角色上發光：史丹佛MBA爆棚選修課，擊敗沒安全感、霸凌，讓自己被需要就能自信發揮影響力,Deborah Gruenfeld,229,2021-10-04 10:28:16
他對人一視同仁地尊重，並認知到每個人的權力各不相同。他看重智識、努力和卓越，但他骨子裡不是精英分子。他認真看待自己的工作，卻從不認為自己很了不起。,懂權力，在每個角色上發光：史丹佛MBA爆棚選修課，擊敗沒安全感、霸凌，讓自己被需要就能自信發揮影響力,Deborah Gruenfeld,594,2021-10-06 03:39:11
如果我們依據有益原則挑選領導者，我們會專注於溫暖這項個性特質。溫暖、魅力和好感度常常互換使用，但這些特質根本各不相同。掌權者具有溫暖人心的特質不僅要有魅力，討人,懂權力，在每個角色上發光：史丹佛MBA爆棚選修課，擊敗沒安全感、霸凌，讓自己被需要就能自信發揮影響力,Deborah Gruenfeld,739,2021-10-10 02:12:11
如果我們依據有益原則挑選領導者，我們會專注於溫暖這項個性特質。溫暖、魅力和好感度常常互換使用，但這些特質根本各不相同。,懂權力，在每個角色上發光：史丹佛MBA爆棚選修課，擊敗沒安全感、霸凌，讓自己被需要就能自信發揮影響力,Deborah Gruenfeld,739,2021-10-10 02:12:16
溫暖是更深層次的指標，跟真心關懷、奉獻、可靠性以及與對方同在和參與有關，就算你再忙、壓力再大、不擅交際或心神不寧，也會展現溫暖。溫暖是指可靠地表明你希望別人成功，而且為了讓別人成功，你願意發揮個人力量，承擔個人風險，並做出個人犧牲。,懂權力，在每個角色上發光：史丹佛MBA爆棚選修課，擊敗沒安全感、霸凌，讓自己被需要就能自信發揮影響力,Deborah Gruenfeld,741,2021-10-10 02:12:28
溫暖是更深層次的指標，跟真心關懷、奉獻、可靠性以及與對方同在和參與有關，就算你再忙、壓力再大、不擅交際或心神不寧，也會展現溫暖。溫暖是指可靠地表明你希望別人成功，而且為了讓別人成功，你願意發揮個人力量，承擔個人風險，並做出個人犧牲。 溫暖是指有能力在需要時，採取有力行動幫助別人，並以不威脅他人的方式，採高姿態或低姿態展現權力。藉由協助他人進步，而不僅僅是依靠奉承、魅力或空談，向對方保證你支持他們。,懂權力，在每個角色上發光：史丹佛MBA爆棚選修課，擊敗沒安全感、霸凌，讓自己被需要就能自信發揮影響力,Deborah Gruenfeld,741,2021-10-10 02:12:44
「我知道這個決定對你最好，所以你照著做就好」的思維又稱為父權主義,這些話，就是言語勒索：10歲起就該懂！29個場景帶你識破並適度反擊,森山至貴,8,2021-10-10 02:34:55
「我知道這個決定對你最好，所以你照著做就好」的思維又稱為父權主義。,這些話，就是言語勒索：10歲起就該懂！29個場景帶你識破並適度反擊,森山至貴,8,2021-10-10 02:35:02
我們的社會，明明是由大家分享每個正確的觀念才得以形成，但其實在這個主張之中，所有人會莫名地被分成「聽取」與「拜託」的兩派。 這種糟不糟糕、需不需要理會的說法，是由「聽取」的一方決定的，所以一旦每次都是由同一個人扮演「拜託」的角色，另一個人扮演「聽取」的角色就很危險。 這種危險通常是源自於雙方的立場失衡，也就是某一方總是占上風，另一方則總是屈居弱勢。,這些話，就是言語勒索：10歲起就該懂！29個場景帶你識破並適度反擊,森山至貴,06,2021-10-10 02:42:18
「這種說法很糟糕」的批評，其實暗藏著「就算這種說法是正確的，只要沒把話說得漂亮，就不用理會」的主張，這還真是奇怪的主張。 我們的社會，明明是由大家分享每個正確的觀念才得以形成，但其實在這個主張之中，所有人會莫名地被分成「聽取」與「拜託」的兩派。 這種糟不糟糕、需不需要理會的說法，是由「聽取」的一方決定的，所以一旦每次都是由同一個人扮演「拜託」的角色，另一個人扮演「聽取」的角色就很危險。 這種危險通常是源自於雙方的立場失衡，也就是某一方總是占上風，另一方則總是屈居弱勢。,這些話，就是言語勒索：10歲起就該懂！29個場景帶你識破並適度反擊,森山至貴,04,2021-10-10 02:42:25
說話要說得多得體、多客氣都是由「聽取」的一方決定的。當「聽取」的一方要求說話說得更得體、更有禮貌時，「拜託」的那一方就離球門柱越來越遠，所以「聽取」的一方總是能以「說話說得不得體」為由，拒絕任何「拜託」。,這些話，就是言語勒索：10歲起就該懂！29個場景帶你識破並適度反擊,森山至貴,12,2021-10-10 02:42:51
「從學生得『拜託』您這點來看，這件事早已與正不正確無關，您只是為了保護自己的立場而已。」這點早就被讀了這本書的人看透了。,這些話，就是言語勒索：10歲起就該懂！29個場景帶你識破並適度反擊,森山至貴,26,2021-10-10 02:46:45
有個方法能讓我們不做正確的事，也能成為正確的人，那就是指出別人的「錯誤」。,這些話，就是言語勒索：10歲起就該懂！29個場景帶你識破並適度反擊,森山至貴,71,2021-10-10 02:58:22
別把「我沒有惡意」當作藉口，真心誠意地道歉，才是取得原諒的正確作法。,這些話，就是言語勒索：10歲起就該懂！29個場景帶你識破並適度反擊,森山至貴,143,2021-10-20 01:23:12
她指出身心健全者為了一己的感動利用身心障礙者，就像是為了滿足性欲看黃色書刊一樣。,這些話，就是言語勒索：10歲起就該懂！29個場景帶你識破並適度反擊,森山至貴,209,2021-10-20 01:25:41
假設聽到「歧視絕對不會消失」這句話，不如就反問：「是啊，不過你應該不會覺得歧視是對的吧？」,這些話，就是言語勒索：10歲起就該懂！29個場景帶你識破並適度反擊,森山至貴,413,2021-10-25 12:50:31
所以當我們聽到「一直說有歧視的時候，歧視就不會消失」這句話時，不妨以「掩蓋無法讓事實消失」來堵住對方的嘴,這些話，就是言語勒索：10歲起就該懂！29個場景帶你識破並適度反擊,森山至貴,447,2021-10-25 01:00:41
所以當我們聽到「一直說有歧視的時候，歧視就不會消失」這句話時，不妨以「掩蓋無法讓事實消失」來堵住對方的嘴。,這些話，就是言語勒索：10歲起就該懂！29個場景帶你識破並適度反擊,森山至貴,447,2021-10-25 01:00:46
對楊來說，這樣的正義考量只考慮社會經濟體制終端結果的重分配，這犯了兩個錯誤，第一、人們在社會經濟過程遭遇的歧視、創傷和壓迫，不是事後在終端給予福利補償可以彌補。福利國家或者羅爾斯的思維，把社會經濟過程黑箱化，要我們對黑箱內部過程視而不見。但是舉例來說，低技術勞工在工作過程中的每日無力和自我發展被剝奪，社會福利如何彌補？第二、福利國家或者羅爾斯把正義的核心意涵理解為福利的重分配，把人視為福利的擁有者、生產者和消費者，而不是有血有肉、能力需要發展的做著各種事物的人（do-er）。,正義與差異政治,艾莉斯．楊(Iris Marion Young),23,2021-10-26 04:44:01
楊對自由主義福利國家典範的批評，對準了羅爾斯提出的正義理論。羅爾斯同意有效率的市場是必要的，但是必須給予弱勢補償。他推演的正義原則要求社會合作產生的果實，必須在有效率的諸多政策中，選擇能夠分配給最弱勢者最大福利（羅爾斯的詞彙是基本善，我代以福利稱之）的政策。可是對楊來說，這樣的正義考量只考慮社會經濟體制終端結果的重分配，這犯了兩個錯誤，第一、人們在社會經濟過程遭遇的歧視、創傷和壓迫，不是事後在終端給予福利補償可以彌補。福利國家或者羅爾斯的思維，把社會經濟過程黑箱化，要我們對黑箱內部過程視而不見。但是舉例來說，低技術勞工在工作過程中的每日無力和自我發展被剝奪，社會福利如何彌補？第二、福利國家或者羅爾斯把正義的核心意涵理解為福利的重分配，把人視為福利的擁有者、生產者和消費者，而不是有血有肉、能力需要發展的做著各種事物的人（do-er）。,正義與差異政治,艾莉斯．楊(Iris Marion Young),20,2021-10-26 04:44:31
楊對自由主義福利國家典範的批評，對準了羅爾斯提出的正義理論。羅爾斯同意有效率的市場是必要的，但是必須給予弱勢補償。他推演的正義原則要求社會合作產生的,正義與差異政治,艾莉斯．楊(Iris Marion Young),20,2021-10-26 04:44:41
楊對自由主義福利國家典範的批評，對準了羅爾斯提出的正義理論。羅爾斯同意有效率的市場是必要的，但是必須給予弱勢補償。他推演的正義原則要求社會合作產生的果實，必須在有效率的諸多政策中，選擇能夠分配給最弱勢者最大福利（羅爾斯的詞彙是基本善，我代以福利稱之）的政策。可是對楊來說，這樣的正義考量只考慮社會經濟體制終端結果的重分配，這犯了兩個錯誤，第一、人們在社會經濟過程遭遇的歧視、創傷和壓迫，不是事後在終端給予福利補償可以彌補。福利國家或者羅爾斯的思維，把社會經濟過程黑箱化，要我們對黑箱內部過程視而不見。但是舉例來說，低技術勞工在工作過程中的每日無力和自我發展被剝奪，社會福利如何彌補？第二、福利國家或者羅爾斯把正義的核心意涵理解為福利的重分配，把人視為福利的擁有者、生產者和消費者，而不是有血有肉、能力需要發展的做著各種事物的人（do-er）。人遭遇到的各種壓迫，不只是因為他該分配到的福利被剝奪，而是因為他做為做各種事物的人的能力發展和自我決定被限制或傷害。只把人視為福利分配者，看不見這些傷害。也因此，福利國家看不到人在社會經濟過程中遭遇到的各種壓迫。楊的差異政治要把這些過程打開來被看見。,正義與差異政治,艾莉斯．楊(Iris Marion Young),20,2021-10-26 04:45:00
對於正義的理性反應是始於傾聽、始於傾聽他人的呼求，而不是始於對某種事態的主張與堅持，無論其理想性有多高。,正義與差異政治,艾莉斯．楊(Iris Marion Young),64,2021-10-27 12:38:57
"The United Nations Office for Drugs and Crime (UNODC) reported in 2019 that 87,000 women were intentionally killed in 2017 with over half that number killed by a partner or family member.",In Control,"Monckton-Smith, Jane",1,2022-01-07 07:17:01
There are no crimes allegedly more difficult to prosecute than rape and domestic abuse.,In Control,"Monckton-Smith, Jane",3,2022-01-07 09:26:37
"two women are killed in the UK by their partners each week, three a day in the USA, and around five a day in Mexico, then this idea starts to fall apart. These women",In Control,"Monckton-Smith, Jane",91,2022-01-08 10:27:15
"We like to think that we would know a murderer if we met one, that there would be an identifying ‘mark of Cain’ that our finer instincts would recognise: someone different from us, someone we are unlikely to encounter in our day-to-day lives. But when we consider that two women are killed in the UK by their partners each week, three a day in the USA, and around five a day in Mexico, then this idea starts to fall apart. These women have not only met a person capable of murder, but may have moved in with or married them.",In Control,"Monckton-Smith, Jane",89,2022-01-08 10:27:38
In 2020 in the UK the intimate partner homicide rate more than doubled after lockdown restrictions were enforced during the Covid-19 pandemic and similar rises were noted across the globe.,In Control,"Monckton-Smith, Jane",92,2022-01-08 10:27:55
"There are three questions to ask when considering whether someone’s behaviours are a problem in a relationship, as articulated by victim advocate the late Ellen Pence. First: are these behaviours part of a pattern? Second: is this pattern making someone change their daily routines or choices? Third: is someone fearful as a result of these patterns?",In Control,"Monckton-Smith, Jane",14,2022-01-08 11:23:26
"Victims’ families have, in my experience, few opportunities to set the record straight, or to get their loved one’s story heard; families can be accused of lacking objectivity, but that accusation is rarely directed at the killer.",In Control,"Monckton-Smith, Jane",36,2022-01-08 01:47:09
"We should not comfortably assume the state and the primary victim are one and the same thing. This actually leaves the victim with no particular dedicated defender in the way there is one for the defendant, and there are fewer limits placed on the defence advocate. This is one of the reasons that perpetrator stories and defences are more visible. The danger is that what is said in court often becomes our official historical narrative, and we then try to learn from something that has little basis in fact.",In Control,"Monckton-Smith, Jane",84,2022-01-08 03:44:46
The victim does not have a voice.,In Control,"Monckton-Smith, Jane",87,2022-01-08 03:45:20
"Violence, however, is employed in coercive control; it does a job for someone.",In Control,"Monckton-Smith, Jane",60,2022-01-08 06:43:42
We all understand a murder explained by jealousy because it has been part of our cultural storytelling for so long.,In Control,"Monckton-Smith, Jane",94,2022-01-08 06:56:05
We all understand a murder explained by jealousy because it has been part of our cultural storytelling for so long. We are extraordinarily willing to excuse men’s homicidal violence against their partners by accepting that they feel jealous.,In Control,"Monckton-Smith, Jane",94,2022-01-08 06:56:26
"In 2009, the then Equalities Minister Harriet Harman put forward a motion to remove sexual infidelity as a partial defence to murder. At that time, and in the face of fierce opposition, it was defeated in the House of Lords, with one retired judge and law lord describing the motion as ‘outstandingly obnoxious’, and others expressing concern that this would unfairly tip the balance against those claiming the ‘crime of passion’ defence. I found this not only astonishing, but rather chilling.",In Control,"Monckton-Smith, Jane",97,2022-01-08 06:57:58
"There is a difference between using violence because you are comfortable with it and you find it effective, and using violence because you have no control over your impulses. If you can wait to use it, if you can plan, you are making choices. Blame",In Control,"Monckton-Smith, Jane",07,2022-01-08 06:59:53
"There is a difference between using violence because you are comfortable with it and you find it effective, and using violence because you have no control over your impulses. If you can wait to use it, if you can plan, you are making choices.",In Control,"Monckton-Smith, Jane",07,2022-01-08 07:00:06
"Gavin de Becker, who is a world expert in threat assessment, and is author of the book The Gift of Fear, says that ‘women live with constant wariness’, and that ‘their lives are literally on the line in ways men just don’t experience’. Irrespective of how confident or capable they are, most women do have a different relationship with fear from the relationship men have.",In Control,"Monckton-Smith, Jane",03,2022-01-09 12:26:40
Reality is very different from a hypothetical situation. Emotions are far less powerful when they are only imagined.,In Control,"Monckton-Smith, Jane",13,2022-01-09 12:28:15
Reality is very different from a hypothetical situation. Emotions are far less powerful when they are only imagined. A serious threat experienced is not the same as a serious threat imagined.,In Control,"Monckton-Smith, Jane",13,2022-01-09 12:28:38
"Women are taught in both implicit and explicit ways, from a very early age, that men present threats to them that they should try to pre-empt and avoid, especially in the context of sexual assaults or domestic violence.",In Control,"Monckton-Smith, Jane",23,2022-01-09 12:32:15
"Women are taught in both implicit and explicit ways, from a very early age, that men present threats to them that they should try to pre-empt and avoid, especially in the context of sexual assaults or domestic violence. These lessons are in the bone marrow of most women, and they normalise managing the potential dangers.",In Control,"Monckton-Smith, Jane",23,2022-01-09 12:32:37
"Women are taught in both implicit and explicit ways, from a very early age, that men present threats to them that they should try to pre-empt and avoid, especially in the context of sexual assaults or domestic violence. These lessons are in the bone marrow of most women, and they normalise managing the potential dangers. One of these lessons is that the best way to stay safe is to take responsibility and avoid provoking men.",In Control,"Monckton-Smith, Jane",23,2022-01-09 12:32:55
"It has become an urban myth that women can control violence against them through their behaviour, the way they dress, the way they speak, or how much they choose to drink. This is a dangerous myth that gets repeated in the media, in our homes and communities, and in our courtrooms.",In Control,"Monckton-Smith, Jane",26,2022-01-09 12:33:13
"The controlling patterns in domestic abuse do not sit dormant until provoked by the victim. They are perpetually active. The controlling patterns are not responses; they are systems to enforce and monitor control. Always there, always working. Repeating patterns The story of Rafael is very interesting.",In Control,"Monckton-Smith, Jane",33,2022-01-09 12:34:30
"The controlling patterns in domestic abuse do not sit dormant until provoked by the victim. They are perpetually active. The controlling patterns are not responses; they are systems to enforce and monitor control. Always there, always working.",In Control,"Monckton-Smith, Jane",33,2022-01-09 12:34:37
"Also, partners now have the right to request such information from the police if they are concerned or suspicious. In the UK this scheme is popularly known as a Clare’s Law disclosure, after the campaigning by the family of Clare Wood, who in 2009 was fatally strangled and set on fire by her former boyfriend, George Appleton, who had a history of violence against women.",In Control,"Monckton-Smith, Jane",88,2022-01-09 12:47:30
"The court was told that it was necessary to start the trial again without anyone being told about Martin’s previous conviction, because the murder of Martin’s first wife was not regarded as similar enough in circumstances to the second allegation for it to be revealed to the court.",In Control,"Monckton-Smith, Jane",02,2022-01-09 05:33:34
"The court was told that it was necessary to start the trial again without anyone being told about Martin’s previous conviction, because the murder of Martin’s first wife was not regarded as similar enough in circumstances to the second allegation for it to be revealed to the court. It was argued that no one should know about his history because it would be unfair.",In Control,"Monckton-Smith, Jane",02,2022-01-09 05:33:44
"So stage one is all about history. Does the person have any history of stalking, control or violence? Are they the type of person who has to win? Are they routinely jealous and possessive? These are all red flags. Take any hint of a history seriously; never assume it’s all a misunderstanding or maliciously concocted by a vengeful ex. Just be open to the potential for the person to be at stage one of this timeline.",In Control,"Monckton-Smith, Jane",19,2022-01-09 05:35:12
"Stage two is when a controlling person finds someone they want to be in a relationship with and they try to move things very, very quickly, or they may be very persistent.",In Control,"Monckton-Smith, Jane",47,2022-01-09 05:38:35
"Coercive control is designed so that, for the victim, hitting the brake is a high-risk strategy.",In Control,"Monckton-Smith, Jane",010,2022-01-10 07:01:06
"was talking with Professor Evan Stark about this issue one day. ‘The thing is, Jane,’ he observed, ‘I can say things you never could, and because I’m a man, I get away with it.’ He did not mean he could swear",In Control,"Monckton-Smith, Jane",091,2022-01-10 08:06:05
"I was talking with Professor Evan Stark about this issue one day. ‘The thing is, Jane,’ he observed, ‘I can say things you never could, and because I’m a man, I get away with it.’ He did not mean he could swear or be outrageous – he was referring to his ability and freedom to professionally challenge others, male or female, without suffering an aggressive attack.",In Control,"Monckton-Smith, Jane",091,2022-01-10 08:06:15
Threat-assessment expert Gavin de Becker states that women have to protect themselves from possible abuse and assault in ways men just do not understand.,In Control,"Monckton-Smith, Jane",107,2022-01-10 08:09:57
"Threat-assessment expert Gavin de Becker states that women have to protect themselves from possible abuse and assault in ways men just do not understand. Women must make decisions about their safety, based on their sex, on a routine and daily basis.",In Control,"Monckton-Smith, Jane",107,2022-01-10 08:10:25
"It reveals a partner’s paranoia and entitlement, not their love.",In Control,"Monckton-Smith, Jane",165,2022-01-10 09:58:51
Why he want access to your phone,In Control,"Monckton-Smith, Jane",165,2022-01-10 09:59:19
The jealousy code and the myth of the crime of passion give power to controlling people because they have become plausible explanations for what is actually control.,In Control,"Monckton-Smith, Jane",174,2022-01-10 10:04:55
"Up until 1828 in England and Wales, for example, there was a common law offence known as ‘petty treason’, and this was an offence committed against a ‘superior’ by a ‘subordinate’ – for example, a servant killing a master. It legally inscribed hierarchy, and in cases of homicide a woman would be charged with petty treason rather than murder for killing or attempting to kill a husband; a husband killing a wife would be charged with the lesser offence of murder",In Control,"Monckton-Smith, Jane",334,2022-01-10 11:26:00
"Up until 1828 in England and Wales, for example, there was a common law offence known as ‘petty treason’, and this was an offence committed against a ‘superior’ by a ‘subordinate’ – for example, a servant killing a master. It legally inscribed hierarchy, and in cases of homicide a woman would be charged with petty treason rather than murder for killing or attempting to kill a husband; a husband killing a wife would be charged with the lesser offence of murder.",In Control,"Monckton-Smith, Jane",334,2022-01-10 11:26:07
"I do think that the justice system was designed to deal with incidents rather than patterns, and this is one of the problems. Evidence gathering for patterns (both coercive control and stalking are patterns) is very different from evidence gathering after an incident. The courts are also not designed to take full account of power differentials between parties.",In Control,"Monckton-Smith, Jane",458,2022-01-10 11:50:54
"I do think that the justice system was designed to deal with incidents rather than patterns, and this is one of the problems. Evidence gathering for patterns (both coercive control and stalking are patterns) is very different from evidence gathering after an incident. The courts are also not designed to take full account of power differentials between parties.",In Control,"Monckton-Smith, Jane",458,2022-01-10 11:51:17
"The threat of separation was in Simone’s head, but she did not feel sadness that Henri might leave her: like many controlling people, she felt indignation, outrage and resentment.",In Control,"Monckton-Smith, Jane",568,2022-01-11 12:19:33
"Control is devious and deceptive, and these things are often invisible. People can see violence, they can hear threats, they can see tears and hear pleas, but they cannot see the control – not unless they believe it is there.",In Control,"Monckton-Smith, Jane",668,2022-01-12 12:24:11
"Putting a victim in a courtroom with someone who has control over them, and who frightens them, will never get to the truth.",In Control,"Monckton-Smith, Jane",724,2022-01-12 07:54:08
"Putting a victim in a courtroom with someone who has control over them, and who frightens them, will never get to the truth. The adversarial system makes an assumption that everyone’s up for a fight and no one is scared. This is rarely the case.",In Control,"Monckton-Smith, Jane",724,2022-01-12 07:54:19
The system would benefit from recognising control tactics that can paralyse victims or make them appear ‘hysterical’ while the perpetrator looks calm and reasonable.,In Control,"Monckton-Smith, Jane",730,2022-01-12 07:55:00
There is an obvious difference between strangling someone else for sexual arousal and strangling yourself. People who enjoy watching others struggle for breath are being aroused by a different stimulant from those who enjoy starving themselves of oxygen.,In Control,"Monckton-Smith, Jane",773,2022-01-12 08:07:29
"The tipping point or the trigger is not simply jealousy. Women rarely kill their partners when they leave them. They are more likely to kill in self-defence or in fear of harm to themselves or their children, and they are more likely to kill themselves than their partner. Is this because women do not get jealous? We know that is not true, but we also know that the cultural script is that women are expected to tolerate infidelity and affairs, and they are expected to tolerate being controlled and taking a less active position more generally. There is also less pressure on women to maintain the kind of status of men.",In Control,"Monckton-Smith, Jane",831,2022-01-12 10:35:54
"I was fascinated to read that most displays of power, most fights over inconsequential and trivial things between men, most shows of anger, are for the benefit of other men, not women. There is a huge pressure to maintain status.",In Control,"Monckton-Smith, Jane",881,2022-01-12 11:42:04
"Threats of suicide are very common and are more dangerous than they might appear; they should always be considered worrying. If someone is contemplating their own death at this stage, they may have a very final view of the situation and this can be highly dangerous. I always advise that a suicide threat at this stage should be read as a threat to homicide.",In Control,"Monckton-Smith, Jane",997,2022-01-13 06:41:52
"What I found from my research was that courts, investigators, journalists and others really do seem to believe that these homicides are ‘spontaneous’, having been provoked by the victim. There has not been any serious mainstream challenge to this narrative for far too long.",In Control,"Monckton-Smith, Jane",243,2022-01-14 12:36:36
The average length of time between a separation and a homicide is just over a month.,In Control,"Monckton-Smith, Jane",368,2022-01-14 06:37:26
"This was the way of things in the culture at the time. Men were not only justified in being in control, but were encouraged to be that way. Edith",In Control,"Monckton-Smith, Jane",460,2022-01-15 09:50:20
"This was the way of things in the culture at the time. Men were not only justified in being in control, but were encouraged to be that way. Edith",In Control,"Monckton-Smith, Jane",460,2022-01-15 09:50:31
"This was the way of things in the culture at the time. Men were not only justified in being in control, but were encouraged to be that way.",In Control,"Monckton-Smith, Jane",460,2022-01-15 09:50:37
A clear problem is that controlling personalities and behaviours can be hidden in a culture that normalises such control. Walter’s,In Control,"Monckton-Smith, Jane",474,2022-01-15 09:52:28
A clear problem is that controlling personalities and behaviours can be hidden in a culture that normalises such control.,In Control,"Monckton-Smith, Jane",474,2022-01-15 09:52:36
"When I first started studying them I was surprised. I had not realised the levels of violence – and by that I mean I had an assumption that they were spontaneous acts of anger, largely unintentional, with minimal violence. I could not have been more wrong. These homicides often involve shocking levels of sustained violence – ‘overkill’. This overkill suggests unyielding rage: there is rarely a single stab wound, shot or punch.",In Control,"Monckton-Smith, Jane",538,2022-01-15 10:02:24
"Research suggests that when men tell stories of their offending, we are quick to empathise, and when women tell their stories of abuse, we are quick to make negative judgements.",In Control,"Monckton-Smith, Jane",860,2022-01-17 12:48:14
"I also became acutely aware that the only person who could absolutely guarantee my daughter’s safety was the person abusing her. He could decide if or when he would hurt her. He could decide to stop, or not. It was entirely understandable that she focused on him and what he wanted.",In Control,"Monckton-Smith, Jane",885,2022-01-17 12:51:03
"The labor of love, in short, is a con.","Work Won't Love You Back: How Devotion to Our Jobs Keeps Us Exploited, Exhausted, and Alone","Jaffe, Sarah",5,2022-01-17 12:47:48
"As political philosopher Asad Haider explained, “neoliberalism… is really two quite specific things: first, a state-driven process of social, political, and economic restructuring that emerged in response to the crisis of postwar capitalism, and second, an ideology of generating market relations through social engineering.”","Work Won't Love You Back: How Devotion to Our Jobs Keeps Us Exploited, Exhausted, and Alone","Jaffe, Sarah",43,2022-01-17 12:58:04
"The success of the latter part of the project depended on twisting those desires for liberation articulated in the 1960s and 1970s, redefining “freedom” away from a positive concept (freedom to do things) and toward a negative one (freedom from interference). Neoliberalism encourages us to think that everything we want and need must be found with a price tag attached.","Work Won't Love You Back: How Devotion to Our Jobs Keeps Us Exploited, Exhausted, and Alone","Jaffe, Sarah",45,2022-01-17 12:58:33
"As political philosopher Asad Haider explained, “neoliberalism… is really two quite specific things: first, a state-driven process of social, political, and economic restructuring that emerged in response to the crisis of postwar capitalism, and second, an ideology of generating market relations through social engineering.” The success of the latter part of the project depended on twisting those desires for liberation articulated in the 1960s and 1970s, redefining “freedom” away from a positive concept (freedom to do things) and toward a negative one (freedom from interference). Neoliberalism encourages us to think that everything we want and need must be found with a price tag attached. 13 Neoliberalism didn’t just happen; it was a set of choices made by the winning side in a series of struggles. The victors remade the state to subject everything to competition; to enforce private property rights; and to protect the right of individuals to accumulate. Public services were sold off to private profiteers. Citizens became customers. Freedom was there, the neoliberals argued, you just had to purchase it. 14 Neoliberalism was born in Chile in 1973, when Augusto Pinochet overthrew the","Work Won't Love You Back: How Devotion to Our Jobs Keeps Us Exploited, Exhausted, and Alone","Jaffe, Sarah",43,2022-01-17 12:58:59
"As political philosopher Asad Haider explained, “neoliberalism… is really two quite specific things: first, a state-driven process of social, political, and economic restructuring that emerged in response to the crisis of postwar capitalism, and second, an ideology of generating market relations through social engineering.” The success of the latter part of the project depended on twisting those desires for liberation articulated in the 1960s and 1970s, redefining “freedom” away from a positive concept (freedom to do things) and toward a negative one (freedom from interference). Neoliberalism encourages us to think that everything we want and need must be found with a price tag attached.","Work Won't Love You Back: How Devotion to Our Jobs Keeps Us Exploited, Exhausted, and Alone","Jaffe, Sarah",43,2022-01-17 12:59:14
"Freedom was there, the neoliberals argued, you just had to purchase it. 14","Work Won't Love You Back: How Devotion to Our Jobs Keeps Us Exploited, Exhausted, and Alone","Jaffe, Sarah",51,2022-01-17 12:59:50
"Joshua Clover, in his book Riot, Strike, Riot , called this “the affirmation trap”: a situation where “labor is locked into the position of affirming its own exploitation under the guise of survival.”","Work Won't Love You Back: How Devotion to Our Jobs Keeps Us Exploited, Exhausted, and Alone","Jaffe, Sarah",71,2022-01-17 02:42:40
"This dynamic is always individualizing—your situation in life must be the result of choices that you made, and thus no one else has any reason to sympathize, let alone to help, if you fall.","Work Won't Love You Back: How Devotion to Our Jobs Keeps Us Exploited, Exhausted, and Alone","Jaffe, Sarah",81,2022-01-17 02:43:57
"Privatization, as Fisher noted, has brought with it the privatization of stress, the proliferation of depression, and a rise in anxiety.","Work Won't Love You Back: How Devotion to Our Jobs Keeps Us Exploited, Exhausted, and Alone","Jaffe, Sarah",82,2022-01-17 02:44:12
"The concept of alienation isn’t about your feelings; it’s about whether you have the power to decide where and how hard you will work, and whether you will control the thing you make or the service you provide. 26","Work Won't Love You Back: How Devotion to Our Jobs Keeps Us Exploited, Exhausted, and Alone","Jaffe, Sarah",11,2022-01-17 08:58:40
"We may be free to quit our jobs and find ones that we like better, as the mantra goes, but in practice that freedom is constrained by our need to eat, to have someplace to sleep, to have health care.","Work Won't Love You Back: How Devotion to Our Jobs Keeps Us Exploited, Exhausted, and Alone","Jaffe, Sarah",15,2022-01-17 09:53:41
Hegemony is the process by which we are made to consent to the power structures that shape our lives.,"Work Won't Love You Back: How Devotion to Our Jobs Keeps Us Exploited, Exhausted, and Alone","Jaffe, Sarah",26,2022-01-17 09:55:37
"Today’s ideal workers are cheery and “flexible,” networked and net-savvy, creative and caring. They love their work but hop from job to job like serial monogamists; their hours stretch long and the line between the home and the workplace blurs.","Work Won't Love You Back: How Devotion to Our Jobs Keeps Us Exploited, Exhausted, and Alone","Jaffe, Sarah",53,2022-01-17 10:18:33
"“Feminism is a movement to end sexism, sexist exploitation, and oppression.”",Feminism Is For Everybody,Bell Hooks,6,2022-01-17 10:59:29
"Reformist feminism became their route to class mobility. They could break free of male domination in the workforce and be more self-determining in their lifestyles. While sexism did not end, they could maximize their freedom within the existing system.",Feminism Is For Everybody,Bell Hooks,27,2022-01-18 12:05:59
"Reformist feminism became their route to class mobility. They could break free of male domination in the workforce and be more self-determining in their lifestyles. While sexism did not end, they could maximize their freedom within the existing system. And they could count on there being a lower class of exploited subordinated women to do the dirty work they were refusing to do. By accepting and indeed colluding with the subordination of working-class and poor women, they not only ally themselves with the existing patriarchy and its concomitant sexism, they give themselves the right to lead a double life, one where they are the equals of men in the workforce and at home when they want to be. If they choose lesbianism they have the privilege of being equals with men in the workforce while using class power to create domestic lifestyles where they can choose to have little or no contact with men. Lifestyle feminism ushered in the notion that there could be as many versions of feminism as there were women. Suddenly the politics was being slowly removed from feminism. And the assumption prevailed that no matter what a woman’s politics, be she conservative or liberal, she too could fit feminism into her existing lifestyle.",Feminism Is For Everybody,Bell Hooks,27,2022-01-18 12:06:16
These career-based changes led to forms of career opportunism wherein women who had never been politically committed to mass-based feminist struggle adopted the stance and jargon of feminism when it enhanced their class mobility.,Feminism Is For Everybody,Bell Hooks,90,2022-01-18 08:33:08
With heightened focus on the construction of woman as a “victim” of gender equality deserving of reparations (whether through changes in discriminatory laws or affirmative action policies) the idea that women needed to first confront their internalized sexism as part of becoming feminist lost currency.,Feminism Is For Everybody,Bell Hooks,94,2022-01-18 08:34:12
"We all knew firsthand that we had been socialized as females by patriarchal thinking to see ourselves as inferior to men, to see ourselves as always and only in competition with one another for patriarchal approval, to look upon each other with jealousy, fear, and hatred. Sexist thinking made us judge each other without compassion and punish one another harshly. Feminist thinking helped us unlearn female self-hatred. It enabled us to break free of the hold patriarchal thinking had on our consciousness.",Feminism Is For Everybody,Bell Hooks,51,2022-01-18 08:45:37
"As more women begin to opportunistically lay claim to feminism in the ‘80s without undergoing the feminist consciousness-raising that would have enabled them to divest of their sexism, the patriarchal assumption that the powerful should rule over the weak informed their relations to other women.",Feminism Is For Everybody,Bell Hooks,71,2022-01-18 11:24:13
one of the first issues which served as a catalyst for the formation of the movement was sexuality - the issue being the rights of women to choose when and with whom they would be sexual.,Feminism Is For Everybody,Bell Hooks,76,2022-01-19 06:05:26
The right to have an abortion was not a white-women-only issue; it was simply not the only or even the most important reproductive concern for masses of American women.,Feminism Is For Everybody,Bell Hooks,94,2022-01-19 07:36:54
"Conflict arose between the reformist vision of women’s liberation which basically demanded equal rights for women within the existing class structure, and more radical and/ or revolutionary models, which called for fundamental change in the existing structure so that models of mutuality and equality could replace the old paradigms.",Feminism Is For Everybody,Bell Hooks,15,2022-01-19 09:05:56
"<blockquote>Class is much more than Marx’s definition of relationship to the means of production. Class involved your behavior, your basic assumptions, how you are taught to behave, what you expect from yourself and from others, your concept of a future, how you understand problems and solve them, how you think, feel, act.</blockquote>",Feminism Is For Everybody,Bell Hooks,45,2022-01-19 09:14:50
具體來說就是：他會認定，她應該將她特有的人類服務和能力貢獻給他或他的哥兒們，但反過來卻遠非如此。,不只是厭女：為什麼越「文明」的世界，厭女的力量越強大？拆解當今最精密的父權敘事,凱特．曼恩(Kate Manne),9,2022-01-19 11:11:17
這反映了一種剝奪感心態，認為女性應該是奉獻、關心、慈愛與體貼的，而非渴望權力、冷漠，並且支配的。這也涉及了一種獨占心理，用來為那些一直以來都是受益者的男性們保留某些假定的集體道德認可和讚揚位置。那些企圖爭奪這類角色的女性往往會在至少三個方面被看作一名道德嫌疑犯：她對那些在她的社交圈裡被視為弱勢的人們不夠關心與體貼、她試圖不正當地取得她沒有資格獲得的權力，以及因為違背上述兩種角色，而使她在道德上不可信任。,不只是厭女：為什麼越「文明」的世界，厭女的力量越強大？拆解當今最精密的父權敘事,凱特．曼恩(Kate Manne),7,2022-01-19 11:12:25
更進一步說，我們只傾向於對那些被預設為理性和足夠成熟的個人、那些我們願意而且能夠就他們的行為提出勸誡的人，產生那些滿載道德感受和概括性的司法與法律反應。相對的，斯特勞森指出，在面對兒童、嚴重意識不清者、經歷精神崩潰者，和那些暫時或非暫時「不在狀態內」的人時，我們會採取一個客觀的立場。我們會試著管理、治療、教育，或單純避開某個我們持有客觀立場的人，並且，面對那些我們可以互動但卻選擇不要有人際接觸的人時（〔1962〕2008，頁10、13與18），我們可能把這個客觀立場當作一個遠離「參與負擔」（strains of involvement）的「避難所」。我們可能感到太過疲累──或懶惰，或不堪重負，或因為其他可能的狀況──而無法在這個情境裡和他們互動,不只是厭女：為什麼越「文明」的世界，厭女的力量越強大？拆解當今最精密的父權敘事,凱特．曼恩(Kate Manne),4,2022-01-19 11:14:01
更進一步說，我們只傾向於對那些被預設為理性和足夠成熟的個人、那些我們願意而且能夠就他們的行為提出勸誡的人，產生那些滿載道德感受和概括性的司法與法律反應。相對的，斯特勞森指出，在面對兒童、嚴重意識不清者、經歷精神崩潰者，和那些暫時或非暫時「不在狀態內」的人時，我們會採取一個客觀的立場。我們會試著管理、治療、教育，或單純避開某個我們持有客觀立場的人，並且，面對那些我們可以互動但卻選擇不要有人際接觸的人時（〔1962〕2008，頁10、13與18），我們可能把這個客觀立場當作一個遠離「參與負擔」（strains of involvement）的「避難所」。我們可能感到太過疲累──或懶惰，或不堪重負，或因為其他可能的狀況──而無法在這個情境裡和他們互動。,不只是厭女：為什麼越「文明」的世界，厭女的力量越強大？拆解當今最精密的父權敘事,凱特．曼恩(Kate Manne),4,2022-01-19 11:14:07
這是因為，和男性一起被放置於不對稱道德支持關係內的女性，一直以來都被要求得對男性展示道德尊重、認同、讚賞、服從，和感激，以及道德注意力、同理與關懷。當她打破這個角色，試著對他提出道德批評或指控時，她就扣押了他習慣從她身上獲得的善意。,不只是厭女：為什麼越「文明」的世界，厭女的力量越強大？拆解當今最精密的父權敘事,凱特．曼恩(Kate Manne),37,2022-01-19 11:16:33
這也揭露了，「無法將女性視為人類同胞」一事，並不一定、通常也不會構成厭女情結的基礎，因為厭女情結針對女性的方式可能已經預先將她設想為一個人類同胞了。於是，主要的差別自然而然地轉移到了這個詞組的第二部分。當身處支配地位的男性在女性身上尋求各種道德支持、讚賞、注意力與其他情感時，女性可能不是單純的人類同胞（human beings），而是被當成人類付出者（human givers）。她不被允許和他一樣，如果她付出得不夠，或付出的對象不正確、沒有用正確的方式或以正確的精神付出，那她就可能會惹禍上身。而如果她在這件事情上犯錯，或是她為自己尋求相同的支持和注意力，那就有可能遭遇到厭女情結的怨懟、懲罰和憤慨。,不只是厭女：為什麼越「文明」的世界，厭女的力量越強大？拆解當今最精密的父權敘事,凱特．曼恩(Kate Manne),44,2022-01-19 11:17:10
"勒脖被認定為一種權威和支配的展現（Sorenson, Joshi, & Sivitz, 2014）",不只是厭女：為什麼越「文明」的世界，厭女的力量越強大？拆解當今最精密的父權敘事,凱特．曼恩(Kate Manne),15,2022-01-20 12:21:32
"勒脖被認定為一種權威和支配的展現（Sorenson, Joshi, & Sivitz, 2014）",不只是厭女：為什麼越「文明」的世界，厭女的力量越強大？拆解當今最精密的父權敘事,凱特．曼恩(Kate Manne),15,2022-01-20 12:21:38
"由於遭到勒脖的受害者通常相當不願意作證指控虐待他們的加害者，考慮到目睹犯罪的證人們可能被威脅，或者可以說是被壓制，調查人員目前正在遊說通過法案，企圖透過以證據為基礎的案子來起訴犯罪者（Resnick, 2015）。這裡呼應了克莉絲蒂．道森（Kristie Dotson, 2011）提出的「證詞壓制」（testimonial smothering）一詞，意指當發言者因為聽眾源於（或者看似源於）「惡性無知」註18而缺乏「證詞能力」，導致發言者發表某些言論可能不甚安全，或帶有風險，或很可能根本無用時，自我消音的行為註19。",不只是厭女：為什麼越「文明」的世界，厭女的力量越強大？拆解當今最精密的父權敘事,凱特．曼恩(Kate Manne),19,2022-01-20 12:22:13
"由於遭到勒脖的受害者通常相當不願意作證指控虐待他們的加害者，考慮到目睹犯罪的證人們可能被威脅，或者可以說是被壓制，調查人員目前正在遊說通過法案，企圖透過以證據為基礎的案子來起訴犯罪者（Resnick, 2015）。這裡呼應了克莉絲蒂．道森（Kristie Dotson, 2011）提出的「證詞壓制」（testimonial smothering）一詞，意指當發言者因為聽眾源於（或者看似源於）「惡性無知」註18而缺乏「證詞能力」，導致發言者發表某些言論可能不甚安全，或帶有風險，或很可能根本無用時，自我消音的行為註19。很明顯的，根據這些特質，在親密伴侶關係裡發生的勒脖可能會導致道森所說的證詞壓制；如果她決定發聲，那麼他所展現出來的、願意不惜一切以重新占得上風的意圖，將會使事態變得危險。同時，如同我即將提出的，對於勒脖這個概念，證詞能力不足是非常普遍的情況。整體而言，本書將會說明，這樣的無力乃是源自於一種惡性無知，厭女情結賴其維生，並藉此壯大。 消",不只是厭女：為什麼越「文明」的世界，厭女的力量越強大？拆解當今最精密的父權敘事,凱特．曼恩(Kate Manne),19,2022-01-20 12:22:28
"由於遭到勒脖的受害者通常相當不願意作證指控虐待他們的加害者，考慮到目睹犯罪的證人們可能被威脅，或者可以說是被壓制，調查人員目前正在遊說通過法案，企圖透過以證據為基礎的案子來起訴犯罪者（Resnick, 2015）。這裡呼應了克莉絲蒂．道森（Kristie Dotson, 2011）提出的「證詞壓制」（testimonial smothering）一詞，意指當發言者因為聽眾源於（或者看似源於）「惡性無知」註18而缺乏「證詞能力」，導致發言者發表某些言論可能不甚安全，或帶有風險，或很可能根本無用時，自我消音的行為註19。很明顯的，根據這些特質，在親密伴侶關係裡發生的勒脖可能會導致道森所說的證詞壓制；如果她決定發聲，那麼他所展現出來的、願意不惜一切以重新占得上風的意圖，將會使事態變得危險。同時，如同我即將提出的，對於勒脖這個概念，證詞能力不足是非常普遍的情況。整體而言，本書將會說明，這樣的無力乃是源自於一種惡性無知，厭女情結賴其維生，並藉此壯大。",不只是厭女：為什麼越「文明」的世界，厭女的力量越強大？拆解當今最精密的父權敘事,凱特．曼恩(Kate Manne),19,2022-01-20 12:22:42
"男性支配的內涵之一（尤其當事情涉及那些最有特權、最有權力的男性）似乎是緊緊抓住敘事的控制權，並藉此控制她、迫使她贊同。這並不完全是服從；相反的，根據凱特．亞布蘭森（Kate Abramson, 2014）發人深省的解釋註24，這和煤氣燈操縱的道德目標十分相似。受害者獲得獨立視角的能力已經遭到摧毀，或至少在某些主題上是如此。她被迫同意他；她可能不只是相信，甚至還接受並訴說，他的故事。",不只是厭女：為什麼越「文明」的世界，厭女的力量越強大？拆解當今最精密的父權敘事,凱特．曼恩(Kate Manne),35,2022-01-21 04:13:29
"整起事件起始於班農因為覺得他當時的妻子瑪莉．路易絲．皮卡（Mary Louise Piccard）太吵而憤怒。她當時起床餵他們七個月大的雙胞胎女兒，在這段過程中，她製造了一些噪音，驚醒了在沙發上睡覺的班農。那是一九九六年的元旦（Gold & Bresnahan, 2016），他們於七個月前結婚，那是雙胞胎女兒出生的三天前，在羊膜穿刺檢查確認她們「正常」之後（這是班農同意結婚的條件）（Irwin, 2016）",不只是厭女：為什麼越「文明」的世界，厭女的力量越強大？拆解當今最精密的父權敘事,凱特．曼恩(Kate Manne),08,2022-01-21 04:55:25
"根據記者瑞秋．路易絲．史奈德（Rachel Louise Snyder）和勒脖預防訓練中心（Training Institute on Strangulation Prevention）的執行長蓋爾．史崔克（Gael Strack）的談話，史奈德解釋道，在勒脖的情境裡： 警方通常會對事件輕描淡寫，列出如「脖子上的紅痕、割傷、刮傷或擦傷」等傷痕，急診室通常會在做電腦斷層掃描和核磁共振前就讓受害者出院。今日史崔克和家暴社群所知的是，大多數勒脖所造成的傷害是內在的，而且勒脖行為正好往往是謀殺案前加害者最後的攻擊行為。「統計上來說，我們現在知道，一旦雙手被放到了脖子上，下一步就是謀殺。」席薇亞．維拉（Sylvia Vella），聖地亞哥警察局家暴小組的一名醫師和檢官這麼說，「它們不會倒退。」（Snyder, 2015）",不只是厭女：為什麼越「文明」的世界，厭女的力量越強大？拆解當今最精密的父權敘事,凱特．曼恩(Kate Manne),36,2022-01-21 04:56:59
我所提出的，是將性別歧視看作父權意識形態的分支，目的是正當化並合理化父權的社會秩序，而厭女情結則是一個用來監督與執行其治理規範和期待的系統。因此，性別歧視是科學的，厭女情結則是道德的，而父權秩序則永遠處於霸權的地位。,不只是厭女：為什麼越「文明」的世界，厭女的力量越強大？拆解當今最精密的父權敘事,凱特．曼恩(Kate Manne),91,2022-01-21 05:17:16
根據這個被我稱為「人道主義」（humanism）的看法，厭女情結的心理根源乃是無法認可女性的完整人性。但我認為，很多時候問題並不在於缺少對女性人性的覺察，她的人性反而恰好是問題所在──當在他的眼中，她的人性被給予了錯誤的人，或她以錯誤的方式、因錯誤的原因而付出。,不只是厭女：為什麼越「文明」的世界，厭女的力量越強大？拆解當今最精密的父權敘事,凱特．曼恩(Kate Manne),20,2022-01-21 05:25:58
厭女情結也使女性受制於一種我如今視之為「弱勢暴政」（tyranny of vulnerability）的情況，因為它指出了她周遭任何一個以及每一個（據說）更為弱勢的（想像中的）個人或生物，並指出她（再一次的，據說）應該可以對對方更好，進而要求女性照顧他們，不然她就有可能被評價為麻木不仁，甚至像怪物般沒有人性。,不只是厭女：為什麼越「文明」的世界，厭女的力量越強大？拆解當今最精密的父權敘事,凱特．曼恩(Kate Manne),15,2022-01-21 05:32:56
，根據父權的意識形態，女性經常被期待去扮演一個臣屬角色，給予男性注意力和關愛──用譬喻來說的話，就好比不斷對支配者投以愛慕的眼光。因此，女性在男性面前的行為會被過度嚴重地看待（被男性本身，或是更甚，被他人以男性的名義），這便是深植於父權性別關係內的本質。因此，女性的冷淡等同於厭惡、不知情等同於刻意忽視、經驗分享等同於嚼舌，而要求就等同於勒索。,不只是厭女：為什麼越「文明」的世界，厭女的力量越強大？拆解當今最精密的父權敘事,凱特．曼恩(Kate Manne),357,2022-01-21 10:17:31
我們可以詢問，在一個理應要融納女孩或女性的環境裡，她們是否會合理地將其中某些遭遇、面向或慣習詮釋為帶有敵意的註58？,不只是厭女：為什麼越「文明」的世界，厭女的力量越強大？拆解當今最精密的父權敘事,凱特．曼恩(Kate Manne),396,2022-01-21 10:20:30
一個厭女的社會環境，部分便有可能來自於一定程度上懷有善意的人們出於被否認的情緒而表演出的行動，或是他們短暫地展現出自己沒有意識到的憤怒。,不只是厭女：為什麼越「文明」的世界，厭女的力量越強大？拆解當今最精密的父權敘事,凱特．曼恩(Kate Manne),417,2022-01-21 10:22:06
我認為，就最一般性的描述來說，厭女情結應該被理解成父權秩序下的「執法」部門，整體功能在於監督和執行父權秩序主要的意識形態。,不只是厭女：為什麼越「文明」的世界，厭女的力量越強大？拆解當今最精密的父權敘事,凱特．曼恩(Kate Manne),435,2022-01-21 10:43:38
厭女情結主要以女性作為攻擊目標，因為她們是活在男性世界（亦即，最重要的是，一個長期以來父權的世界）裡的女性，而不是因為有個男性是厭女者，而她們在他心中是女性,不只是厭女：為什麼越「文明」的世界，厭女的力量越強大？拆解當今最精密的父權敘事,凱特．曼恩(Kate Manne),453,2022-01-21 10:44:52
厭女情結主要以女性作為攻擊目標，因為她們是活在男性世界（亦即，最重要的是，一個長期以來父權的世界）裡的女性，而不是因為有個男性是厭女者，而她們在他心中是女性。,不只是厭女：為什麼越「文明」的世界，厭女的力量越強大？拆解當今最精密的父權敘事,凱特．曼恩(Kate Manne),453,2022-01-21 10:44:58
"暴力的條件、形式和風險由當地對性與性別的意識形態形塑。工作的性別分野建構了一個「性別階序」，把女性放逐到私領域，使她們為求生存而持續依賴男性，並將她們置於一個弱勢的位置。因此，暴力和經濟實力與經濟參與內的性別差異有所關聯，並且是一個索引。潑酸攻擊強調女性對男性的高度依賴，它的作用在於警告許多可能會抗拒男性權威的女性（Bandyopadhyay & Khan, 2013）",不只是厭女：為什麼越「文明」的世界，厭女的力量越強大？拆解當今最精密的父權敘事,凱特．曼恩(Kate Manne),587,2022-01-21 11:23:44
女情結在本質上就是自戀而妄想的。它把非個人的失望轉化成苦澀的怨懟，或某種「忿忿不平的理,不只是厭女：為什麼越「文明」的世界，厭女的力量越強大？拆解當今最精密的父權敘事,凱特．曼恩(Kate Manne),623,2022-01-21 11:45:54
女情結在本質上就是自戀而妄想的。它把非個人的失望轉化成苦澀的怨懟，或某種「忿忿不平的理所當然」（aggrieved entitlement）的感,不只是厭女：為什麼越「文明」的世界，厭女的力量越強大？拆解當今最精密的父權敘事,凱特．曼恩(Kate Manne),623,2022-01-21 11:46:07
當強大的女性被認定不夠全心全意地為了支配性男性的利益而提供服務時，有很多非暴力且低成本的方式可以化解她們所帶給男性的精神威脅，例如藉由毀謗、妖魔化、貶低、侮辱、嘲弄、譏諷、躲避，和羞辱；女性可以在想像層面，而非實際層面上被打倒。,不只是厭女：為什麼越「文明」的世界，厭女的力量越強大？拆解當今最精密的父權敘事,凱特．曼恩(Kate Manne),637,2022-01-21 11:46:54
沒有了女人，男人是什麼呢？幾乎什麼都不是啊，先生，什麼都不是。」 馬克．吐溫（Mark Twain）,不只是厭女：為什麼越「文明」的世界，厭女的力量越強大？拆解當今最精密的父權敘事,凱特．曼恩(Kate Manne),727,2022-01-21 11:48:28
一個堅固的事實在於，很多時候性別歧視之所以得以運作，乃是藉由自然化性別之間的差異，把父權邏輯下的社會框架給正當化，此舉讓這些差異看似無可避免，或是將試圖反抗這些差異的人描述成在打一場必輸之仗。此處未被說出口的前提，則是某種版本的「應該蘊含能夠」（ought implies can）原則註70──大抵可以被弱化成一種類似「無法則蘊含無必要」（can’t even implies don’t bother）的心態註71。,不只是厭女：為什麼越「文明」的世界，厭女的力量越強大？拆解當今最精密的父權敘事,凱特．曼恩(Kate Manne),742,2022-01-21 11:52:29
性別歧視之於偽科學，正如厭女情結之於假道學,不只是厭女：為什麼越「文明」的世界，厭女的力量越強大？拆解當今最精密的父權敘事,凱特．曼恩(Kate Manne),762,2022-01-21 11:54:07
厭女情結的功能，在於以直接和或多或少帶有強制意味的方式，來制定和生產符合父權邏輯的社會關,不只是厭女：為什麼越「文明」的世界，厭女的力量越強大？拆解當今最精密的父權敘事,凱特．曼恩(Kate Manne),757,2022-01-21 11:54:28
厭女情結則負責監督與執行父權社會裡的秩序，但卻不一定需要以人們的預設、信仰、理論、價值和其他事物作為中介。厭女情結的功能，在於以直接和或多或少帶有強制意味的方式，來制定和生產符合父權邏輯的社會關係。,不只是厭女：為什麼越「文明」的世界，厭女的力量越強大？拆解當今最精密的父權敘事,凱特．曼恩(Kate Manne),756,2022-01-21 11:54:37
在此基礎之上，性別歧視傾向於對男性和女性給予差別待遇，典型手法是透過某些超出了我們所知或可知的性別差異主張，這類主張有時甚至違背了時下最佳的科學證據。厭女情結則通常會區分出「好女人」和「壞女人」，並對後者進行懲罰。整體來說，性別歧視和厭女情結懷有同一個目的──維持或重建父權的社會秩序。但性別歧視僅僅標榜著理性中立，厭女情結則毫無顧忌、為達目的不擇手段。因此，性別歧視之於偽科學，正如厭女情結之於假道學,不只是厭女：為什麼越「文明」的世界，厭女的力量越強大？拆解當今最精密的父權敘事,凱特．曼恩(Kate Manne),758,2022-01-21 11:54:46
在此基礎之上，性別歧視傾向於對男性和女性給予差別待遇，典型手法是透過某些超出了我們所知或可知的性別差異主張，這類主張有時甚至違背了時下最佳的科學證據。厭女情結則通常會區分出「好女人」和「壞女人」，並對後者進行懲罰。整體來說，性別歧視和厭女情結懷有同一個目的──維持或重建父權的社會秩序。但性別歧視僅僅標榜著理性中立，厭女情結則毫無顧忌、為達目的不擇手段。因此，性別歧視之於偽科學，正如厭女情結之於假道學。性別歧視穿著實驗袍，厭女情結則獵殺女巫。,不只是厭女：為什麼越「文明」的世界，厭女的力量越強大？拆解當今最精密的父權敘事,凱特．曼恩(Kate Manne),758,2022-01-21 11:55:02
，厭女情結藉由監督和巡視父權的社會規範來維持它們，而性別歧視的作用則是合理化這些規範──,不只是厭女：為什麼越「文明」的世界，厭女的力量越強大？拆解當今最精密的父權敘事,凱特．曼恩(Kate Manne),881,2022-01-22 12:08:41
厭女情結藉由監督和巡視父權的社會規範來維持它們，而性別歧視的作用則是合理化這些規範──主要是透過假設男性和女性在才能、興趣、癖性和愛好方面皆「理所當然」不同的意識形態。,不只是厭女：為什麼越「文明」的世界，厭女的力量越強大？拆解當今最精密的父權敘事,凱特．曼恩(Kate Manne),881,2022-01-22 12:08:49
厭女情結藉由監督和巡視父權的社會規範來維持它們，而性別歧視的作用則是合理化這些規範──主要是透過假設男性和女性在才能、興趣、癖性和愛好方面皆「理所當然」不同的意識形態。在此看法之上，性別歧視之於厭女情結，就像是公民秩序之於法律執行。性別歧視本身相信男性在陽剛的、高聲望的領域（例如知識鑽研、體育、商業和政治等）中比女性優越，同時他們在其中自然而然或甚至無可避免地會處於支配的地位；厭女情結則涉及焦慮、恐懼、維持父權秩序的渴望，以及致力於在它受到破壞時進行重建。因此，性別歧視可以是自滿的，而厭女情結則可能是焦慮的；性別歧視是學究的，厭女情結則是好鬥的；性別歧視坐擁理論，厭女情結則揮舞著棍棒。,不只是厭女：為什麼越「文明」的世界，厭女的力量越強大？拆解當今最精密的父權敘事,凱特．曼恩(Kate Manne),881,2022-01-22 12:09:06
於是問題來了：女性是因為做了什麼或身為什麼，而被認定有罪？ 我認為，是拒絕與未能付出；是冷漠、麻木以及無情；是在將一個脆弱生物從其正當的家中、他與生俱來的權利中驅逐的同時，女性無視了她們的天然責任，亦即提供安全港和養育。,不只是厭女：為什麼越「文明」的世界，厭女的力量越強大？拆解當今最精密的父權敘事,凱特．曼恩(Kate Manne),047,2022-01-22 01:40:43
"我認為，將懷孕的女性描述成不可靠且不負責、但顯然地或許並不是無可救藥，這種論述的力量在於，她們乃是遭到真正邪惡的墮胎倡議者和手術提供者所誤導，以至於把無助的胎兒從他們的正當庇護所中驅逐。因此，胎兒在此作為一個有力的文化象徵，並代理了某些男性覺得被女性忽視和剝奪的感受。他們的脆弱感可以被投射到胎兒身上，因此讓他們能夠以另一個想像中的人的名義感到憤慨，而正好，這些被想像的人並沒有自己的計畫，而且在他們真的成為一個有知覺的生物前，也無法出聲拒絕別人決定他們作為知覺生物的利益。相較於去承認自身被拒和受傷的感覺，占據道德高地往往比較容易。一位作者寫下： 儘管被母親的子宮圍繞，未出生的胎兒已經是一個人了，而剝奪胎兒它尚未來得及享受的生命，幾乎是一個令人毛骨悚然的犯罪。如果在我們看來，在一個人的家中殺害他比在戰場上更為恐怖，因為一個人的家是他最安全的庇護所，那麼，在一個胎兒未見天光前就在子宮裡摧毀它，自然就應該被視為更殘暴的行為（Calvin, 1999）。 這是約翰．喀爾文（John Clavin）寫於十六世紀的文字。將母親的子宮類比為一個處於支配地位的男性的家兼安全港──或安全空間──早已是父權意識形態中的一部分，且持續如此。 至少，這是我正在思考的假設。它的優點在於，它可以解釋為什麼保守人士對墮胎的看法如此不一致、隨機，而且似乎從未真能搔到癢處，即使是當他們獲得了自己表面上所爭取的結果時。",不只是厭女：為什麼越「文明」的世界，厭女的力量越強大？拆解當今最精密的父權敘事,凱特．曼恩(Kate Manne),065,2022-01-22 01:47:03
因此，我認為，將懷孕的女性描述成不可靠且不負責、但顯然地或許並不是無可救藥，這種論述的力量在於，她們乃是遭到真正邪惡的墮胎倡議者和手術提供者所誤導，以至於把無助的胎兒從他們的正當庇護所中驅逐。因此，胎兒在此作為一個有力的文化象徵，並代理了某些男性覺得被女性忽視和剝奪的感受。他們的脆弱感可以被投射到胎兒身上，因此讓他們能夠以另一個想像中的人的名義感到憤慨，而正好，這些被想像的人並沒有自己的計畫，而且在他們真的成為一個有知覺的生物前，也無法出聲拒絕別人決定他們作為知覺生物的利益。相較於去承認自身被拒和受傷的感覺，占據道德高地往往比較容易,不只是厭女：為什麼越「文明」的世界，厭女的力量越強大？拆解當今最精密的父權敘事,凱特．曼恩(Kate Manne),065,2022-01-22 01:47:23
我認為，將懷孕的女性描述成不可靠且不負責、但顯然地或許並不是無可救藥，這種論述的力量在於，她們乃是遭到真正邪惡的墮胎倡議者和手術提供者所誤導，以至於把無助的胎兒從他們的正當庇護所中驅逐。因此，胎兒在此作為一個有力的文化象徵，並代理了某些男性覺得被女性忽視和剝奪的感受。他們的脆弱感可以被投射到胎兒身上，因此讓他們能夠以另一個想像中的人的名義感到憤慨，而正好，這些被想像的人並沒有自己的計畫，而且在他們真的成為一個有知覺的生物前，也無法出聲拒絕別人決定他們作為知覺生物的利益。相較於去承認自身被拒和受傷的感覺，占據道德高地往往比較容易。,不只是厭女：為什麼越「文明」的世界，厭女的力量越強大？拆解當今最精密的父權敘事,凱特．曼恩(Kate Manne),065,2022-01-22 01:47:39
威爾森和其他研究者區分出四種主要的家庭消滅者類型：自詡正義的、迷惘的、失望的，與偏執的。自詡正義的類型為了自己的沒落責怪他人，通常是他們的妻子或分居妻子；迷惘類型則因為如破產之類的外部事件而感覺被羞辱；失望類型覺得他的家庭令他失望，彷彿社會秩序正在崩解；而偏執類型則認為他的家族受到來自外來者的威脅，因此為了擊退威脅，他擅自決定由自己來殺害他們。,不只是厭女：為什麼越「文明」的世界，厭女的力量越強大？拆解當今最精密的父權敘事,凱特．曼恩(Kate Manne),537,2022-01-22 02:28:38
父親幾乎總是把自殺當成逃離某種財務危機的唯一出口。於是，殺害他的家人變成一個方法，將其從破產和自殺將帶來的艱困與羞恥中拯救出來。 在許多這一類行為人處決受害者的方式上，都有很明顯的自戀的沙文主義認知。,不只是厭女：為什麼越「文明」的世界，厭女的力量越強大？拆解當今最精密的父權敘事,凱特．曼恩(Kate Manne),563,2022-01-22 02:37:11
「整體來說，這是一個文化問題，也就是我們教導男性，女性是要被『賺取』、被『贏得』之物，是一座獎盃，而非把女性看作是，你知道的，人，有自己故事的主角，如同我們（男性）有自己的故事。」文化評論,不只是厭女：為什麼越「文明」的世界，厭女的力量越強大？拆解當今最精密的父權敘事,凱特．曼恩(Kate Manne),813,2022-01-23 12:17:18
「整體來說，這是一個文化問題，也就是我們教導男性，女性是要被『賺取』、被『贏得』之物，是一座獎盃，而非把女性看作是，你知道的，人，有自己故事的主角，如同我們（男性）有自己的故事。,不只是厭女：為什麼越「文明」的世界，厭女的力量越強大？拆解當今最精密的父權敘事,凱特．曼恩(Kate Manne),813,2022-01-23 12:17:32
「整體來說，這是一個文化問題，也就是我們教導男性，女性是要被『賺取』、被『贏得』之物，是一座獎盃，而非把女性看作是，你知道的，人，有自己故事的主角，如同我們（男性）有自己的故事。」,不只是厭女：為什麼越「文明」的世界，厭女的力量越強大？拆解當今最精密的父權敘事,凱特．曼恩(Kate Manne),813,2022-01-23 12:17:52
（1）概念兼知覺主張（Conceptual-cum-perceptual claim）：人類有能力將其他人類看作或認可為人類，而不僅僅是將他們看作這個生物物種裡的其他成員註135。這包含了以一種同時帶有觀點主義與豐富認知維度的方式來思考他人，將他們視為「人類同胞」、和自己同類的成員，或（類似）「我們的共通人性」中的一分子。,不只是厭女：為什麼越「文明」的世界，厭女的力量越強大？拆解當今最精密的父權敘事,凱特．曼恩(Kate Manne),932,2022-01-23 10:36:29
當對象是真正的非人類動物時，這類鎮壓鮮少是適用的，因為這些動物既不能理解這種侮辱，也不會因為被正確指認出牠們的非人類地位而被成功鎮壓。,不只是厭女：為什麼越「文明」的世界，厭女的力量越強大？拆解當今最精密的父權敘事,凱特．曼恩(Kate Manne),251,2022-01-23 11:46:58
對我來說，這似乎引發了一個重要的問題，需要人道主義者來回答，也就是：如果大規模暴行的施行者經常將他們的受害者去人性化，為什麼施行者這麼常強暴女性受害者？一方面，人類與非人類動物之間的性一般而言是禁忌，且相對不尋常──這可能是部分的原因註162；另一方面，大規模強暴通常傾向於傳達報復、懲罰、洋洋得意，而且專橫跋扈的精神。因此，這些行動帶有所有人際之間暴力的標誌，它們表現並發洩出了典型的人際反應型態度，例如怨懟、義憤填膺、嫉妒等等註163。,不只是厭女：為什麼越「文明」的世界，厭女的力量越強大？拆解當今最精密的父權敘事,凱特．曼恩(Kate Manne),261,2022-01-23 11:49:43
於是一般而言，證詞不正義指的是，當身處臣屬位置的群體成員針對特定事務提出主張，或針對特定人物提出指控時，他們經常會被認定為比較不可信，因此他們身為臣屬群體成員一事會被當成理由，使他們不被給予知者（knower）的知識地位。,不只是厭女：為什麼越「文明」的世界，厭女的力量越強大？拆解當今最精密的父權敘事,凱特．曼恩(Kate Manne),774,2022-01-25 12:32:43
我們傾向原諒特權男性所犯下的罪──表面上是因為他們在我們眼前的弱勢，或我們在他們眼前的弱勢，這使他們立於不敗之地──而這和我們對女性受害者的敵意相關。,不只是厭女：為什麼越「文明」的世界，厭女的力量越強大？拆解當今最精密的父權敘事,凱特．曼恩(Kate Manne),885,2022-01-25 12:38:27
。我們也可能會忽略，在法律的眼中，理論上來說，他的罪行乃針對人民，也就是我們所有人。而針對這名挺身而出、為他的犯罪作證的強暴受害者，問題卻太常演變成：她想要從中得到什麼？人們不認為她在一場犯罪審判裡做著辛苦的工作，反而認為她試著尋求個人的復仇和道德懲罰。更有甚者，她可能會被看作是不知寬恕的，她試著從她的強暴者身上拿走什麼，而非在對維持法律和秩序做出貢獻註187。,不只是厭女：為什麼越「文明」的世界，厭女的力量越強大？拆解當今最精密的父權敘事,凱特．曼恩(Kate Manne),032,2022-01-25 08:22:58
厭女暴力和性侵害一般由不起眼的、不像怪獸的人所犯下，我們必須要接受這個事實，特別是，如果我們要在此場域做出改進的話。若借用漢娜．鄂蘭的知名用語，我們必須接受厭女情結的平庸性。這是一個經常被中傷的想法，但在我看來，無論鄂蘭在觀察到阿道夫．艾希曼並不像一個怪物的過程中，推斷出什麼樣的結論，她對邪惡的平庸性所提出的基本道德論點在此刻不僅是前所未有地正確，更是至關重要且應該受到認可的。,不只是厭女：為什麼越「文明」的世界，厭女的力量越強大？拆解當今最精密的父權敘事,凱特．曼恩(Kate Manne),146,2022-01-25 08:30:20
這段期間，受害者的身影──或者說，一個自我認定與自我指定、餵養，或可能偽造自身傷害，並展現出習得或捏造無助感的受害者──在保守意識形態中扮演了一個越來越重要的角色。一個忿忿不平、情感脆弱、戲劇化的角色被描繪出來了，它們發表不公平的毀謗，要求第三方的同情和注意力；主角往往不成比例地是學生、千禧世代、女性、女性主義者、進步分子、性侵受害者──或者在艾瑪．蘇克維茲（Emma Sulkowicz）的例子裡，是上述所有身分的集合，我稍後將加以說明。而或許無須多說的是，這樣的描繪並非讚美。,不只是厭女：為什麼越「文明」的世界，厭女的力量越強大？拆解當今最精密的父權敘事,凱特．曼恩(Kate Manne),456,2022-01-25 10:10:55
我們傾向於將受害者想像為天真無辜、沒有過失，以及（更糟的是）非如此做不可。,不只是厭女：為什麼越「文明」的世界，厭女的力量越強大？拆解當今最精密的父權敘事,凱特．曼恩(Kate Manne),526,2022-01-25 11:25:09
我們傾向於將受害者想像為天真無辜、沒有過失，以及（更糟的是）非如此做不可。這經常伴隨著以下結果：當某些人犯下了，或甚至只是被人懷疑犯下了某些微小的不誠實錯誤時，人們便不情願或無法將其認可為受害者；同樣的，當我們認定某些人是某個大型犯罪的真正受害者時，我們往往傾向於否認他們所犯下的微小欺瞞。當個人所使用的劇本是一齣基本上簡單直白的道德童話，不容許太多變異或細微差異時，這是合理的；如果你是強盜，你不可能扮演一個警察的受害者註206。,不只是厭女：為什麼越「文明」的世界，厭女的力量越強大？拆解當今最精密的父權敘事,凱特．曼恩(Kate Manne),526,2022-01-25 11:25:43
"當我們覺得一名女性正在「扮演受害者」、「打性別牌」，或表現得過於戲劇化時，我們有理由批判與懷疑我們的直覺（Schraub, 2016）。",不只是厭女：為什麼越「文明」的世界，厭女的力量越強大？拆解當今最精密的父權敘事,凱特．曼恩(Kate Manne),591,2022-01-25 11:30:45
"當我們覺得一名女性正在「扮演受害者」、「打性別牌」，或表現得過於戲劇化時，我們有理由批判與懷疑我們的直覺（Schraub, 2016）。她的行為可能引人注意，但並不是因為她索求太多，而是因為我們並不習慣於女性在這些脈絡裡主張她們的應得權益。相反的，女性被期待要為支配性男性的受害者敘事提供觀眾，提供道德關懷、傾聽、同情和安撫。",不只是厭女：為什麼越「文明」的世界，厭女的力量越強大？拆解當今最精密的父權敘事,凱特．曼恩(Kate Manne),591,2022-01-25 11:30:57
支配女性的男性不僅僅享有特權，更與失去自身特權社會位置的可能性高度絕緣,不只是厭女：為什麼越「文明」的世界，厭女的力量越強大？拆解當今最精密的父權敘事,凱特．曼恩(Kate Manne),684,2022-01-25 11:46:16
與其稱此為「扮演受害者」，我們其實也可以說這是「揭露霸凌者」,不只是厭女：為什麼越「文明」的世界，厭女的力量越強大？拆解當今最精密的父權敘事,凱特．曼恩(Kate Manne),799,2022-01-25 11:56:12
"若一個女人不夠合宜，便視她為贗品；若不夠端正，便視她為不正派；若她體格健壯，稱她為腫塊；若纖細，則榛樹枝；若皮膚黝黑，稱她如烏鴉；若氣色合宜，則如粉刷過的牆；若她悲傷或害羞，便視她如小丑；若歡快與愉悅，則她可能是蕩婦。 約瑟夫．史威南 《對淫穢、懶惰、冒失與無常之女人的指責》（The Arraignment of Lewde, Idle, Forward and Unconstant Women",不只是厭女：為什麼越「文明」的世界，厭女的力量越強大？拆解當今最精密的父權敘事,凱特．曼恩(Kate Manne),002,2022-01-26 12:00:38
"若一個女人不夠合宜，便視她為贗品；若不夠端正，便視她為不正派；若她體格健壯，稱她為腫塊；若纖細，則榛樹枝；若皮膚黝黑，稱她如烏鴉；若氣色合宜，則如粉刷過的牆；若她悲傷或害羞，便視她如小丑；若歡快與愉悅，則她可能是蕩婦。 約瑟夫．史威南 《對淫穢、懶惰、冒失與無常之女人的指責》（The Arraignment of Lewde, Idle, Forward and Unconstant Women）",不只是厭女：為什麼越「文明」的世界，厭女的力量越強大？拆解當今最精密的父權敘事,凱特．曼恩(Kate Manne),002,2022-01-26 12:00:44
啟發的第一課：噁心反應可以讓我們變成更嚴厲的道德評論家，甚至可能促使某些人在明顯完全無害的行為中發現道德錯誤。第二課：作為道德評論家，我們並非總是根據道德理由和論證做出判決；有時候，我們伸出手來搜尋這些理由和論證，以合理化一個已經被做好的判決。我們不自覺地在此基礎之上編造出一個事後案例註233。,不只是厭女：為什麼越「文明」的世界，厭女的力量越強大？拆解當今最精密的父權敘事,凱特．曼恩(Kate Manne),142,2022-01-26 11:45:34
對於女性來說，假如男性伴侶身上出現了隱約的男性支配型態與其他形式的厭女行為，她們也擁有相當強力的心理動機去否認、輕描淡寫並忽視它們的普遍程度與重要性，這包括了，在投票給川普時，他可能根本不屑一顧一位男性同胞的不當性行為和厭女情結。,不只是厭女：為什麼越「文明」的世界，厭女的力量越強大？拆解當今最精密的父權敘事,凱特．曼恩(Kate Manne),252,2022-01-26 11:51:18
女性被預設要提供個人關懷與注意力給她們身邊的每一個人，不然她們就有可能顯得齷齪、吝嗇、不公平與冷酷無情,不只是厭女：為什麼越「文明」的世界，厭女的力量越強大？拆解當今最精密的父權敘事,凱特．曼恩(Kate Manne),261,2022-01-26 11:52:46
在第四章裡，我提出的論點是，女性被預設要提供個人關懷與注意力給她們身邊的每一個人，不然她們就有可能顯得齷齪、吝嗇、不公平與冷酷無情，但是當你在競選總統時，這當然是一個不可能的任務，而且一般而言，當一名女性的觀眾或選區越大、越多元時，她越有可能因為這些針對女性關注力的規範而被看作是冷漠、有距離、「無法靠近」、疏忽、不細心與自私。然而，她的男性同胞卻不需要展現任何這一類的聆聽技能，事實上，當換成川普時，情況可說便是完全如此。,不只是厭女：為什麼越「文明」的世界，厭女的力量越強大？拆解當今最精密的父權敘事,凱特．曼恩(Kate Manne),261,2022-01-26 11:52:57
據此，一名在道德和社會現實（亦即根據公平和平等的標準來說）方面沒有犯下任何錯誤的女性，可能會因為違反了父權規則手冊裡的官方命令，而面臨道德猜疑與驚愕，她的行為便有可能被歸類為危險、可疑、冒險或欺騙的，符合已經被提出的道德判決,不只是厭女：為什麼越「文明」的世界，厭女的力量越強大？拆解當今最精密的父權敘事,凱特．曼恩(Kate Manne),340,2022-01-27 12:03:39
據此，一名在道德和社會現實（亦即根據公平和平等的標準來說）方面沒有犯下任何錯誤的女性，可能會因為違反了父權規則手冊裡的官方命令，而面臨道德猜疑與驚愕，她的行為便有可能被歸類為危險、可疑、冒險或欺騙的，符合已經被提出的道德判決。是後者的判斷驅動了前者，而非反其道而行。她看起來就是不懷好意，至於其意為何則有待被發現──或被發明。,不只是厭女：為什麼越「文明」的世界，厭女的力量越強大？拆解當今最精密的父權敘事,凱特．曼恩(Kate Manne),340,2022-01-27 12:03:49
厭女情結是一個自我遮掩的問題，在這個現象本身底下，光是試著讓人注意到它就是不法的、不能見容於社會的，因為女性理當服侍他人，而非為了自己徵求道德注意力和關懷。,不只是厭女：為什麼越「文明」的世界，厭女的力量越強大？拆解當今最精密的父權敘事,凱特．曼恩(Kate Manne),581,2022-01-27 09:51:49
"一個看待所謂受害者文化的角度是，它在一個被動女性受害者的譬喻上進行交易：城堡裡的公主等待被王子般的英雄拯救。公主是一個拙劣的模範一事並無爭議，然而在此基礎上，「受害文化」的批評者們實際上（假如不自覺地）卻致力攻擊那些得以保留某些主體性的女性們。近一步看，發聲與表現得像一個被動公主之間的相似性是很微小的；當一個女性以一種可能具有顛覆性的姿態，或單單藉著利用霸凌者自身的行為使他們尷尬以揭露霸凌，進而挺身說出自己的故事或盡其本分時，她的主體性並沒有短少。在一個她被迫被動，或更常見的是，她被勉強（例如在高壓控制的情境中）或被占便宜（例如在涉及權力關係剝削和相關社會文本的性掠奪情境中，參見Manne, 2017）的故事裡，這仍舊、甚至加倍為真。",不只是厭女：為什麼越「文明」的世界，厭女的力量越強大？拆解當今最精密的父權敘事,凱特．曼恩(Kate Manne),893,2022-01-27 10:09:37
